timeStamp,elapsed,label,responseCode,responseMessage,threadName,dataType,success,failureMessage,bytes,sentBytes,grpThreads,allThreads,URL,Latency,IdleTime,Connect
1728927590238,0,Executing MD001 - Keywords: GET_Calls,200,OK,Master_Execution_Engine 1-1,text,true,,629,0,1,1,null,0,0,0
1728927591903,1,Executing MD002 - Keywords: Post_Calls,200,OK,Master_Execution_Engine 1-1,text,true,,723,0,1,1,null,0,0,0
1728927593427,1,Executing MD003 - Keywords: Put_Calls,200,OK,Master_Execution_Engine 1-1,text,true,,721,0,1,1,null,0,0,0
1728927594959,1,Executing MD004 - Keywords: Patch_Calls,200,OK,Master_Execution_Engine 1-1,text,true,,728,0,1,1,null,0,0,0
1728927595982,472,MD004_Patch_Calls,200,"Number of samples in transaction : 1, number of failing samples : 0",Master_Execution_Engine 1-1,,true,,911,223,1,1,null,0,1017,105
1728927597000,472,MD004_TC01_Patch_HTTP Request,200,OK,Master_Execution_Engine 1-1,text,true,,911,223,1,1,https://reqres.in/api/users/2,471,0,105
1728927597976,1,Executing MD005 - Keywords: Delete_Calls,200,OK,Master_Execution_Engine 1-1,text,true,,782,0,1,1,null,0,0,0
1728927599009,290,MD005_DELETE_Calls,200,"Number of samples in transaction : 1, number of failing samples : 0",Master_Execution_Engine 1-1,,true,,808,176,1,1,null,0,1014,0
1728927600022,290,MD005_TC01_DELETE_HTTP Request,204,No Content,Master_Execution_Engine 1-1,,true,,808,176,1,1,https://reqres.in/api/users/2,0,0,0
